id,name,address,borough,postcode,latitude,longitude,battalion,division
FDNY-E4L15,Engine 4 / Ladder 15,42 South Street,Manhattan,10005,40.7036940000000,-74.0077170000000,Battalion 1,Division 1
FDNY-E6,Engine 6,49 Beekman Street,Manhattan,10038,40.7099710000000,-74.0053950000000,Battalion 1,Division 1
FDNY-E7L1B1,Engine 7 / Ladder 1 / Battalion 1,100 Duane Street,Manhattan,10007,40.7153390000000,-74.0063000000000,Battalion 1,Division 1
FDNY-E10L10,Engine 10 / Ladder 10,124 Liberty Street,Manhattan,10006,40.7098190000000,-74.0126080000000,Battalion 1,Division 1
FDNY-E24L5B2,Engine 24 / Ladder 5 / Battalion 2,227 Sixth Avenue,Manhattan,10014,40.7280410000000,-74.0034340000000,Battalion 2,Division 1
FDNY-E55,Engine 55,363 Broome Street,Manhattan,10013,40.7198410000000,-73.9957600000000,Battalion 2,Division 1
FDNY-L8,Ladder 8,14 N. Moore Street,Manhattan,10013,40.7195740000000,-74.0066200000000,Battalion 2,Division 1
FDNY-L20D1,Ladder 20 / Division 1,253 Lafayette Street,Manhattan,10012,40.7230260000000,-73.9965710000000,Battalion 2,Division 1
FDNY-S18,Squad 18,132 West 10 Street,Manhattan,10014,40.7345180000000,-74.0003810000000,Battalion 2,Division 1
FDNY-E9L6,Engine 9 / Ladder 6 / Satellite 1,75 Canal Street,Manhattan,10002,40.7154080000000,-73.9928340000000,Battalion 4,Division 1
FDNY-E15L18B4,Engine 15 / Ladder 18 / Battalion 4,25 Pitt Street,Manhattan,10002,40.7164390000000,-73.9839270000000,Battalion 4,Division 1
FDNY-E28L11,Engine 28 / Ladder 11 ,222 East 2 Street,Manhattan,10009,40.7218790000000,-73.9825260000000,Battalion 4,Division 1
FDNY-E5,Engine 5,340 East 14 Street,Manhattan,10003,40.7314940000000,-73.9834070000000,Battalion 4,Division 1
FDNY-L3B6,Ladder 3 / Battalion 6,108 East 13 Street,Manhattan,10003,40.7330930000000,-73.9894430000000,Battalion 6,Division 1
FDNY-E14,Engine 14,14 East 18 Street,Manhattan,10003,40.7379480000000,-73.9910350000000,Battalion 6,Division 1
FDNY-E33L9,Engine 33 / Ladder 9,42 Great Jones Street,Manhattan,10012,40.7269860000000,-73.9925260000000,Battalion 6,Division 1
FDNY-E1L24,Engine 1 / Ladder 24,142 West 31 Street,Manhattan,10001,40.7484740000000,-73.9911880000000,Battalion 7,Division 1
FDNY-E3L12B7,Engine 3 / Ladder 12 / Battalion 7,150 West 19 Street,Manhattan,10011,40.7411960000000,-73.9968680000000,Battalion 7,Division 1
FDNY-E26,Engine 26,220 West 37 Street,Manhattan,10018,40.7531070000000,-73.9903760000000,Battalion 7,Division 1
FDNY-E34L21,Engine 34 / Ladder 21,440 West 38th Street,Manhattan,10018,40.7565930000000,-73.9964710000000,Battalion 7,Division 1
FDNY-E8L2B8,Engine 8 / Ladder 2 / Battalion 8,165 East 51 Street,Manhattan,10022,40.7568910000000,-73.9708050000000,Battalion 8,Division 3
FDNY-E16L7,Engine 16 / Ladder 7,234 East 29 Street,Manhattan,10016,40.7416760000000,-73.9788800000000,Battalion 8,Division 3
FDNY-E21,Engine 21,238 East 40 Street,Manhattan,10016,40.7486420000000,-73.9740270000000,Battalion 8,Division 3
FDNY-E65,Engine 65,33 West 43 Street,Manhattan,10036,40.7549750000000,-73.9819790000000,Battalion 8,Division 3
FDNY-E23,Engine 23,215 W 58th Street,Manhattan,10019,40.7666990000000,-73.9803680000000,Battalion 9,Division 3
FDNY-E40L35,Engine 40 / Ladder 35,131 Amsterdam Avenue,Manhattan,10023,40.7745620000000,-73.9842250000000,Battalion 9,Division 3
FDNY-E54L4B9,Engine 54 / Ladder 4 / Battalion 9,782 Eighth Avenue,Manhattan,10036,40.7607200000000,-73.9867930000000,Battalion 9,Division 3
FDNY-R1,Rescue 1,530 West 43 Street,Manhattan,10036,40.7607270000000,-73.9966160000000,Battalion 9,Division 3
FDNY-E22L13B10,Engine 22 / Ladder 13 / Battalion 10,159 East 85 Street,Manhattan,10028,40.7786220000000,-73.9553110000000,Battalion 10,Division 3
FDNY-E39L16,Engine 39 / Ladder 16,157 E 67th St,Manhattan,10065,40.7670620000000,-73.9636120000000,Battalion 10,Division 3
FDNY-E44,Engine 44 / HTMU 44,221 East 75 Street,Manhattan,10021,40.7714540000000,-73.9581540000000,Battalion 10,Division 3
FDNY-E53L43,Engine 53 / Ladder 43,1836 Third Avenue,Manhattan,10029,40.7889230000000,-73.9469850000000,Battalion 10,Division 3
FDNY-E37L40,Engine 37 / Ladder 40,415 West 125 Street,Manhattan,10027,40.8119210000000,-73.9546000000000,Battalion 11,Division 3
FDNY-E47,Engine 47,500 West 113 Street,Manhattan,10025,40.8049460000000,-73.9629320000000,Battalion 11,Division 3
FDNY-E74,Engine 74,120 West 83 Street,Manhattan,10024,40.7846970000000,-73.9746020000000,Battalion 11,Division 3
FDNY-E76L22B11,Engine 76 / Ladder 22 / Battalion 11,145 West 100th St.,Manhattan,10025,40.7964490000000,-73.9672610000000,Battalion 11,Division 3
FDNY-L25D3,Ladder 25 / Division 3 / Collapse 1,207 West 77th Street,Manhattan,10024,40.7822300000000,-73.9798410000000,Battalion 11,Division 3
FDNY-E35L14B12,Engine 35 / Ladder 14 / Battalion 12,2282 Third Avenue,Manhattan,10035,40.8032970000000,-73.9365220000000,Battalion 12,Division 3
FDNY-E58L26,Engine 58 / Ladder 26,1367 Fifth Avenue,Manhattan,10029,40.7989130000000,-73.9473330000000,Battalion 12,Division 3
FDNY-E91,Engine 91,242 East 111 Street,Manhattan,10029,40.7938430000000,-73.9407910000000,Battalion 12,Division 3
FDNY-E64L47,Engine 64 / Ladder 47,1214 Castle Hill Ave.,Bronx,10462,40.8324370000000,-73.8508760000000,Battalion 3,Division 6
FDNY-E94L48B3,Engine 94 / Ladder 48 / Battalion 3,1226 Seneca Ave.,Bronx,10474,40.8185810000000,-73.8877780000000,Battalion 3,Division 6
FDNY-E96L54,Engine 96 / Ladder 54,1689 Story Ave.,Bronx,10473,40.8229860000000,-73.8693570000000,Battalion 3,Division 6
FDNY-E60L17B14,Engine 60 / Ladder 17 / Battalion 14,341 East 143 Street,Bronx,10454,40.8131630000000,-73.9221460000000,Battalion 14,Division 6
FDNY-E71L55D6,Engine 71 / Ladder 55 / Division 6,720 Melrose Ave.,Bronx,10455,40.8202920000000,-73.9155550000000,Battalion 14,Division 6
FDNY-E83L29,Engine 83 / Ladder 29,618 East 138 Street,Bronx,10454,40.8058190000000,-73.9158340000000,Battalion 14,Division 6
FDNY-S41,Squad 41,330 East 150th Street,Bronx,10451,40.8173230000000,-73.9201300000000,Battalion 14,Division 6
FDNY-E59L30,Engine 59 / Ladder 30,111 West 133 Street,Manhattan,10030,40.8133320000000,-73.9424500000000,Battalion 16,Division 6
FDNY-E69L28B16,Engine 69 / Ladder 28 / Battalion 16,248 West 143 Street,Manhattan,10030,40.8208470000000,-73.9418210000000,Battalion 16,Division 6
FDNY-E80L23,Engine 80 / Ladder 23,503 West 139 Street,Manhattan,10031,40.8219480000000,-73.9507620000000,Battalion 16,Division 6
FDNY-E46L27,Engine 46  / Ladder 27 / Collapse 3,460 Cross Bronx Expressway,Bronx,10457,40.8439190000000,-73.9001600000000,Battalion 17,Division 6
FDNY-E68L49,Engine 68 / Ladder 49,1160 Ogden Ave.,Bronx,10452,40.8366590000000,-73.9269190000000,Battalion 17,Division 6
FDNY-E92L44B17,Engine 92 / Ladder 44 / Battalion 17,1259 Morris Ave.,Bronx,10456,40.8346790000000,-73.9136250000000,Battalion 17,Division 6
FDNY-R3,Rescue 3,1655 Washington Ave,Bronx,10457,40.8412250000000,-73.9015070000000,Battalion 17,Division 6
FDNY-E50L19B26,Engine 50 / Ladder 19 / Battalion 26,1155 Washington Ave.,Bronx,10456,40.8297100000000,-73.9081180000000,Battalion 26,Division 6
FDNY-E73L42,Engine 73 / Ladder 42,655 Prospect Ave.,Bronx,10455,40.8152740000000,-73.9037850000000,Battalion 26,Division 6
FDNY-E82L31,Engine 82 / Ladder 31,1215 Intervale Ave.,Bronx,10459,40.8285320000000,-73.8952590000000,Battalion 26,Division 6
FDNY-E67,Engine 67,518 West 170 Street,Manhattan,10032,40.8412790000000,-73.9371950000000,Battalion 13,Division 7
FDNY-E84L34,Engine 84 / Ladder 34,513 West 161 Street,Manhattan,10032,40.8359180000000,-73.9409590000000,Battalion 13,Division 7
FDNY-E93L45B13,Engine 93 / Ladder 45 / Battalion 13,515 West 181 Street,Manhattan,10033,40.8487220000000,-73.9316620000000,Battalion 13,Division 7
FDNY-E95L36,Engine 95 / Ladder 36,29 Vermilyea Avenue,Manhattan,10034,40.8648970000000,-73.9251540000000,Battalion 13,Division 7
FDNY-E38L51,Engine 38 / Ladder 51,3446 Eastchester Road,Bronx,10469,40.8779840000000,-73.8465130000000,Battalion 15,Division 7
FDNY-E63L39B15,Engine 63 / Ladder 39 / Battalion 15,755 East 233 Street,Bronx,10466,40.8930280000000,-73.8553100000000,Battalion 15,Division 7
FDNY-E66L61,Engine 66 / Ladder 61,21 Asch Loop,Bronx,10475,40.8697250000000,-73.8311970000000,Battalion 15,Division 7
FDNY-E97,Engine 97,1454 Astor Ave.,Bronx,10469,40.8593470000000,-73.8441620000000,Battalion 15,Division 7
FDNY-E45L58B18,Engine 45 / Ladder 58 / Battalion 18,925 East Tremont Ave.,Bronx,10460,40.8418770000000,-73.8835080000000,Battalion 18,Division 7
FDNY-E48L56D7,Engine 48 / Ladder 56 / Division 7,2417 Webster Ave.,Bronx,10458,40.8593180000000,-73.8939920000000,Battalion 18,Division 7
FDNY-E88L38,Engine 88 / Ladder 38,2225 Belmont Ave.,Bronx,10457,40.8519070000000,-73.8878370000000,Battalion 18,Division 7
FDNY-E42,Engine 42,1781 Monroe Ave.,Bronx,10457,40.8463250000000,-73.9068120000000,Battalion 19,Division 7
FDNY-E43L59,Engine 43 / Ladder 59,1901 Sedgwick Ave.,Bronx,10453,40.8546550000000,-73.9172860000000,Battalion 19,Division 7
FDNY-E75L33B19,Engine 75 / Ladder 33 / Battalion 19,2175 Walton Ave.,Bronx,10453,40.8562280000000,-73.9044230000000,Battalion 19,Division 7
FDNY-E81L46,Engine 81 / Ladder 46,3025 Bailey Ave.,Bronx,10463,40.8769450000000,-73.9036690000000,Battalion 19,Division 7
FDNY-E70L53,Engine 70 / Ladder 53,169 Schofield Street,Bronx,10464,40.8455740000000,-73.7846950000000,Battalion 20,Division 7
FDNY-E72,Engine 72 / Satellite 2,3929 East Tremont Ave.,Bronx,10465,40.8213110000000,-73.8182480000000,Battalion 20,Division 7
FDNY-E89L50,Engine 89 / Ladder 50,2924 Bruckner Blvd.,Bronx,10465,40.8333390000000,-73.8270880000000,Battalion 20,Division 7
FDNY-E90L41,Engine 90 / Ladder 41,1843 White Plains Rd.,Bronx,10462,40.8463650000000,-73.8668000000000,Battalion 20,Division 7
FDNY-S61B20,Squad 61 / Battalion 20,1518 Williamsbridge Road,Bronx,10461,40.8450480000000,-73.8463930000000,Battalion 20,Division 7
FDNY-E52L52,Engine 52 / Ladder 52,4550 Henry Hudson Parkway E.,Bronx,10471,40.8921180000000,-73.9076560000000,Battalion 27,Division 7
FDNY-E62L32,Engine 62 / Ladder 32,3431 White Plains Road,Bronx,10467,40.8762690000000,-73.8673620000000,Battalion 27,Division 7
FDNY-E79L37B27,Engine 79 / Ladder 37 / Battalion 27,2928 Briggs Ave.,Bronx,10458,40.8702790000000,-73.8865810000000,Battalion 27,Division 7
FDNY-E152B21,Engine 152 / Battalion 21,256 Hylan Blvd.,Staten Island,10305,40.6117160000000,-74.0704750000000,Battalion 21,Division 8
FDNY-E153L77,Engine 153 / Ladder 77,74 Broad Street,Staten Island,10304,40.6250330000000,-74.0776920000000,Battalion 21,Division 8
FDNY-E155L78,Engine 155 / Ladder 78,14 Brighton Avenue,Staten Island,10301,40.6375470000000,-74.0876940000000,Battalion 21,Division 8
FDNY-E159,Engine 159 / Satellite 5,1592 Richmond Road,Staten Island,10304,40.5907140000000,-74.1006080000000,Battalion 21,Division 8
FDNY-E160R5D8,Engine 160 / Rescue 5 / Collapse 5 / TSU 2 / Division 8,1850 Clove Road,Staten Island,10304,40.6073200000000,-74.0892420000000,Battalion 21,Division 8
FDNY-E161L81,Engine 161 / Ladder 81,278 McClean Avenue,Staten Island,10305,40.5967630000000,-74.0698790000000,Battalion 21,Division 8
FDNY-S8,Squad 8,3730 Victory Boulevard,Staten Island,10314,40.5979300000000,-74.1805320000000,Battalion 22,Division 8
FDNY-E156,Engine 156,412 Broadway,Staten Island,10310,40.6309850000000,-74.1167190000000,Battalion 22,Division 8
FDNY-E157L80,Engine 157 / Ladder 80,1573 Castleton Avenue,Staten Island,10302,40.6361910000000,-74.1353940000000,Battalion 22,Division 8
FDNY-E158,Engine 158,65 Harbor Road,Staten Island,10303,40.6352650000000,-74.1600520000000,Battalion 22,Division 8
FDNY-E163L83,Engine 163 / Ladder 83,875 Jewett Avenue,Staten Island,10314,40.6152470000000,-74.1308150000000,Battalion 22,Division 8
FDNY-E166L86,Engine 166 / Ladder 86,1400 Richmond Avenue,Staten Island,10314,40.6142640000000,-74.1581720000000,Battalion 22,Division 8
FDNY-L79B22,Ladder 79 / Battalion 22,1189 Castleton Avenue,Staten Island,10310,40.6343840000000,-74.1220390000000,Battalion 22,Division 8
FDNY-E151L76,Engine 151 / Ladder 76,7219 Amboy Road,Staten Island,10307,40.5127390000000,-74.2389500000000,Battalion 23,Division 8
FDNY-E162L82B23,Engine 162 / Ladder 82 / Battalion 23,256 Nelson Ave.,Staten Island,10308,40.5431040000000,-74.1474050000000,Battalion 23,Division 8
FDNY-E164L84,Engine 164 / Ladder 84,1560 Drumgoole Road West,Staten Island,10312,40.5354180000000,-74.1960590000000,Battalion 23,Division 8
FDNY-E165L85,Engine 165 / Ladder 85 / HTMU 165,3067 Richmond Road,Staten Island,10306,40.5760770000000,-74.1237140000000,Battalion 23,Division 8
FDNY-E167L87,Engine 167 / Ladder 87,345 Annadale Road,Staten Island,10312,40.5541910000000,-74.1754790000000,Battalion 23,Division 8
FDNY-E168,Engine 168,1100 Rossville Ave,Staten Island,10309,40.5539420000000,-74.2130830000000,Battalion 23,Division 8
FDNY-E201L114B40,Engine 201 / Ladder 114 / Battalion 40,5113 4th Avenue,Brooklyn,11220,40.6454050000000,-74.0131800000000,Battalion 40,Division 8
FDNY-E228,Engine 228,436 39th St,Brooklyn,11232,40.6518140000000,-74.0053270000000,Battalion 40,Division 8
FDNY-E241L109,Engine 241 / Ladder 109,6630 3rd Avenue,Brooklyn,11220,40.6381570000000,-74.0251610000000,Battalion 40,Division 8
FDNY-E247,Engine 247,1336 60th Street,Brooklyn,11219,40.6280200000000,-73.9977750000000,Battalion 40,Division 8
FDNY-E242,Engine 242 / RAC 5,9219 5th Ave.,Brooklyn,11209,40.6173890000000,-74.0295200000000,Battalion 42,Division 8
FDNY-E243L168B42,Engine 243 / Ladder 168 / Battalion 42,8653 18th Ave.,Brooklyn,11214,40.6060370000000,-74.0034950000000,Battalion 42,Division 8
FDNY-E284L149,Engine 284 / Ladder 149 / Satellite 3,1157 79th St.,Brooklyn,11228,40.6199550000000,-74.0125370000000,Battalion 42,Division 8
FDNY-E330L172,Engine 330 / Ladder 172,2312 65th Street,Brooklyn,11204,40.6121270000000,-73.9791530000000,Battalion 42,Division 8
FDNY-E245L161B43,Engine 245 / Ladder 161 / Battalion 43,2929 W. 8th Street,Brooklyn,11224,40.5767350000000,-73.9761600000000,Battalion 43,Division 8
FDNY-E246L169,Engine 246 / Ladder 169,2732 E. 11th Street,Brooklyn,11235,40.5842750000000,-73.9594130000000,Battalion 43,Division 8
FDNY-E253,Engine 253,2429 86th Street,Brooklyn,11214,40.5989570000000,-73.9885180000000,Battalion 43,Division 8
FDNY-E318L166,Engine 318 / Ladder 166,2510 Neptune Ave.,Brooklyn,11224,40.5777600000000,-73.9930110000000,Battalion 43,Division 8
FDNY-E206,Engine 206,1201 Grand Street,Brooklyn,11211,40.7153010000000,-73.9281590000000,Battalion 28,Division 11
FDNY-E218,Engine 218,650 Hart Street,Brooklyn,11221,40.6983120000000,-73.9265900000000,Battalion 28,Division 11
FDNY-E237,Engine 237,43 Morgan Ave.,Brooklyn,11237,40.7053120000000,-73.9319320000000,Battalion 28,Division 11
FDNY-E238L106,Engine 238 / Ladder 106 / Foam 1,205 Greenpoint Ave.,Brooklyn,11222,40.7307470000000,-73.9511440000000,Battalion 28,Division 11
FDNY-E271L124B28,Engine 271 / Ladder 124 / Battalion 28,392 Himrod Street,Brooklyn,11237,40.7036300000000,-73.9160200000000,Battalion 28,Division 11
FDNY-E207L110B31D11,Engine 207 / Ladder 110 / Satellite 6 / Battalion 31 / Division 11,172 Tillary Street,Brooklyn,11201,40.6954500000000,-73.9828430000000,Battalion 31,Division 11
FDNY-E210,Engine 210,160 Carlton Ave.,Brooklyn,11205,40.6927990000000,-73.9730060000000,Battalion 31,Division 11
FDNY-E211L119,Engine 211 / Ladder 119,26 Hooper Street,Brooklyn,11249,40.7013790000000,-73.9622890000000,Battalion 31,Division 11
FDNY-E226,Engine 226,409 State Street,Brooklyn,11217,40.6870700000000,-73.9827680000000,Battalion 31,Division 11
FDNY-E202L101B32,Engine 202 / Ladder 101 / Battalion 32,31 Richards Street,Brooklyn,11231,40.6803860000000,-74.0064380000000,Battalion 32,Division 11
FDNY-E205L118,Engine 205 / Ladder 118,74 Middagh Street,Brooklyn,11201,40.7000290000000,-73.9922730000000,Battalion 32,Division 11
FDNY-E224,Engine 224,274 Hicks Street,Brooklyn,11201,40.6930720000000,-73.9970800000000,Battalion 32,Division 11
FDNY-E279L131,Engine 279 / Ladder 131,252 Lorraine St.,Brooklyn,11231,40.6721180000000,-73.9996660000000,Battalion 32,Division 11
FDNY-E216L108B35,Engine 216 / Ladder 108 / Battalion 35,187 Union Ave.,Brooklyn,11211,40.7062360000000,-73.9506200000000,Battalion 35,Division 11
FDNY-E221L104,Engine 221 / Ladder 104,161 South 2nd Street,Brooklyn,11211,40.7131750000000,-73.9611130000000,Battalion 35,Division 11
FDNY-E229L146,Engine 229 / Ladder 146,75 Richardson Street,Brooklyn,11211,40.7186190000000,-73.9490240000000,Battalion 35,Division 11
FDNY-E220L122,Engine 220 / Ladder 122,530 11th Street,Brooklyn,11215,40.6649500000000,-73.9814520000000,Battaion 48,Division 11
FDNY-E239,Engine 239,395 4th Ave.,Brooklyn,11215,40.6717820000000,-73.9872390000000,Battaion 48,Division 11
FDNY-E240B48,Engine 240 / Battalion 48,1307 Prospect Ave.,Brooklyn,11218,40.6511750000000,-73.9755740000000,Battaion 48,Division 11
FDNY-E282L148,Engine 282 / Ladder 148,4210 12th Ave.,Brooklyn,11219,40.6401820000000,-73.9907520000000,Battaion 48,Division 11
FDNY-S1,Squad 1,788 Union Street,Brooklyn,11215,40.6746490000000,-73.9766700000000,Battaion 48,Division 11
FDNY-E217,Engine 217,940 Dekalb Avenue,Brooklyn,11221,40.6927590000000,-73.9379930000000,Battalion 57,Division 11
FDNY-E219L105,Engine 219 / Ladder 105,494 Dean Street,Brooklyn,11217,40.6811920000000,-73.9738510000000,Battalion 57,Division 11
FDNY-E230,Engine 230,701 Park Avenue,Brooklyn,11206,40.6980660000000,-73.9475070000000,Battalion 57,Division 11
FDNY-E235B57,Engine 235 / Battalion 57,206 Monroe Street,Brooklyn,11216,40.6851750000000,-73.9510980000000,Battalion 57,Division 11
FDNY-L102,Ladder 102,850 Bedford Ave.,Brooklyn,11205,40.6956080000000,-73.9566140000000,Battalion 57,Division 11
FDNY-E275L133,Engine 275 / Ladder 133,111-36 Merrick Blvd.,Queens,11433,40.6934480000000,-73.7811070000000,Battalion 50,Division 13
FDNY-E298L127B50,Engine 298 / Ladder 127 / Battalion 50,153-11 Hillside Avenue,Queens,11432,40.7076170000000,-73.8041990000000,Battalion 50,Division 13
FDNY-E303L126,Engine 303 / Ladder 126,104-12 Princeton Street,Queens,11435,40.6935270000000,-73.8069380000000,Battalion 50,Division 13
FDNY-E305L151,Engine 305 / Ladder 151,111-02 Queens Blvd.,Queens,11375,40.7181860000000,-73.8377070000000,Battalion 50,Division 13
FDNY-E315L125,Engine 315 / Ladder 125,159-06 Union Turnpike,Queens,11366,40.7201090000000,-73.8077590000000,Battalion 50,Division 13
FDNY-S270D13,Squad 270 / Division 13,91-45 121st Street,Queens,11418,40.6952970000000,-73.8258760000000,Battalion 50,Division 13
FDNY-E285L142,Engine 285 / Ladder 142,103-17 98th Street,Queens,11417,40.6825240000000,-73.8418600000000,Battalion 51,Division 13
FDNY-E286L135,Engine 286 / Ladder 135,66-44 Myrtle Avenue,Queens,11385,40.7012170000000,-73.8866560000000,Battalion 51,Division 13
FDNY-E293,Engine 293,89-40 87th Street,Queens,11421,40.6886140000000,-73.8559340000000,Battalion 51,Division 13
FDNY-E294L143,Engine 294 / Ladder 143,101-02 Jamaica Avenue,Queens,11418,40.6948290000000,-73.8462380000000,Battalion 51,Division 13
FDNY-E308B51,Engine 308 / Battalion 51,107-12 Lefferts Blvd.,Queens,11419,40.6839050000000,-73.8233610000000,Battalion 51,Division 13
FDNY-E331L173,Engine 331 / Ladder 173,158-57 Cross Bay Blvd.,Queens,11414,40.6592450000000,-73.8395150000000,Battalion 51,Division 13
FDNY-E301L150,Engine 301 / Ladder 150,91-04 197th Street,Queens,11423,40.7144670000000,-73.7630780000000,Battalion 54,Division 13
FDNY-E302L155,Engine 302 / Ladder 155,143-15 Rockaway Blvd.,Queens,11436,40.6740540000000,-73.7950830000000,Battalion 54,Division 13
FDNY-E311L158,Engine 311 / Ladder 158,145-50 Springfield Blvd.,Queens,11413,40.6636080000000,-73.7598380000000,Battalion 54,Division 13
FDNY-E314,Engine 314,142-04 Brookville Blvd.,Queens,11422,40.6640340000000,-73.7406980000000,Battalion 54,Division 13
FDNY-E317L165B54,Engine 317 / Ladder 165 / Battalion 54,117-11 196th Street,Queens,11412,40.6931220000000,-73.7556490000000,Battalion 54,Division 13
FDNY-E264E328L134,Engine 264 / Engine 328 / Ladder 134,"16-15, 16-17, 16-19 Central Ave.",Queens,11691,40.6048190000000,-73.7521300000000,Battalion 47,Division 13
FDNY-E265L121B47,Engine 265 / Ladder 121 / Battalion 47,48-06 Rockaway Beach Blvd,Queens,11691,40.5935390000000,-73.7791640000000,Battalion 47,Division 13
FDNY-E266,Engine 266,92-20 Rockaway Beach Blvd.,Queens,11693,40.5862830000000,-73.8162380000000,Battalion 47,Division 13
FDNY-E268L137,Engine 268 / Ladder 137,257 Beach 116th Street,Queens,11694,40.5807470000000,-73.8380550000000,Battalion 47,Division 13
FDNY-E329,Engine 329,402 B. 169 Street,Queens,11695,40.5660090000000,-73.8815260000000,Battalion 47,Division 13
FDNY-E258L115,Engine 258 / Ladder 115,10-40 47th Ave.,Queens,11101,40.7449860000000,-73.9517550000000,Battalion 45,Division 14
FDNY-E259L128B45,Engine 259 / Ladder 128 / Battalion 45,33-51 Greenpoint Avenue,Queens,11101,40.7363980000000,-73.9332030000000,Battalion 45,Division 14
FDNY-E260,Engine 260,11-15 37th Avenue,Queens,11101,40.7596790000000,-73.9400850000000,Battalion 45,Division 14
FDNY-E291L140,Engine 291 / Ladder 140,56-07 Metropolitan Avenue,Queens,11385,40.7130820000000,-73.9066740000000,Battalion 45,Division 14
FDNY-L116,Ladder 116 / Collapse 4,37-20 29th Street,Queens,11101,40.7554020000000,-73.9332660000000,Battalion 45,Division 14
FDNY-E287L136B46,Engine 287 / Ladder 136 / Battalion 46,86-53 Grand Avenue,Queens,11373,40.7364540000000,-73.8788880000000,Battalion 46,Division 14
FDNY-E289L138,Engine 289 / Ladder 138,97-28 43rd Avenue,Queens,11368,40.7461700000000,-73.8653160000000,Battalion 46,Division 14
FDNY-E292R4,Engine 292 / Rescue 4,64-18 Queens Blvd.,Queens,11377,40.7407710000000,-73.9009870000000,Battalion 46,Division 14
FDNY-E319,Engine 319,78-11 67th Road,Queens,11379,40.7125790000000,-73.8749420000000,Battalion 46,Division 14
FDNY-E324D14,Engine 324 / Satellite 4 / Division 14,108-01 Horace Harding Exp.,Queens,11368,40.7379140000000,-73.8519440000000,Battalion 46,Division 14
FDNY-S288HM1,Squad 288 / HazMat 1,56-29 68th Street,Queens,11378,40.7260960000000,-73.8962350000000,Battalion 46,Division 14
FDNY-DSU,Decon Support Unit,104-35 44th Ave,Queens,11368,40.7480963527867,-73.8593941200398,Battalion 46,Division 14
FDNY-E262,Engine 262 / IMT Planning Vehicle,30-89 21st Street,Queens,11102,40.7675260000000,-73.9292320000000,Battalion 49,Division 14
FDNY-E263L117,Engine 263 / Ladder 117,"42-06, 42-08 Astoria Blvd. South",Queens,11103,40.7682250000000,-73.9088490000000,Battalion 49,Division 14
FDNY-E307L154,Engine 307 / Ladder 154,81-17 Northern Blvd.,Queens,11372,40.7558040000000,-73.8856390000000,Battalion 49,Division 14
FDNY-E312B49,Engine 312 / Battalion 49,22-63 35th St.,Queens,11105,40.7734440000000,-73.9104340000000,Battalion 49,Division 14
FDNY-E316,Engine 316,27-12 Kearney Street,Queens,11369,40.7624270000000,-73.8690220000000,Battalion 49,Division 14
FDNY-E325L163,Engine 325 / Ladder 163,41-24 51st Street,Queens,11377,40.7452780000000,-73.9137050000000,Battalion 49,Division 14
FDNY-E273L129,Engine 273 / Ladder 129,40-18 Union Street,Queens,11354,40.7598690000000,-73.8265700000000,Battalion 52,Division 14
FDNY-E274B52,Engine 274 / HTMU 274 / Battalion 52,41-20 Murray Street,Queens,11355,40.7624980000000,-73.8126480000000,Battalion 52,Division 14
FDNY-E295L144,Engine 295 / Ladder 144,12-49 149th Street,Queens,11357,40.7889800000000,-73.8159490000000,Battalion 52,Division 14
FDNY-E297L130,Engine 297 / Ladder 130,119-11 14th Road,Queens,11356,40.7849230000000,-73.8480810000000,Battalion 52,Division 14
FDNY-E299L152,Engine 299 / Ladder 152,61-20 Utopia Parkway,Queens,11365,40.7381580000000,-73.7933850000000,Battalion 52,Division 14
FDNY-E251,Engine 251,254-20 Union Turnpike,Queens,11004,40.7444760000000,-73.7160810000000,Battalion 53,Division 14
FDNY-E304L162,Engine 304 / Ladder 162,218-44 97th Avenue,Queens,11429,40.7169070000000,-73.7359450000000,Battalion 53,Division 14
FDNY-E306,Engine 306,40-18 214th Place,Queens,11361,40.7639440000000,-73.7696780000000,Battalion 53,Division 14
FDNY-E313L164,Engine 313 / Ladder 164,44-01 244th Street,Queens,11363,40.7667700000000,-73.7423280000000,Battalion 53,Division 14
FDNY-E320L167,Engine 320 / Ladder 167,36-18 Francis Lewis Blvd.,Queens,11358,40.7633110000000,-73.7869970000000,Battalion 53,Division 14
FDNY-E326L160B53,Engine 326 / Ladder 160 / Battalion 53,64-04 Springfield Blvd.,Queens,11364,40.7470050000000,-73.7559700000000,Battalion 53,Division 14
FDNY-E254L153,Engine 254 / Ladder 153,901 Avenue U,Brooklyn,11223,40.5984960000000,-73.9620080000000,Battalion 33,Division 15
FDNY-E276L156B33,Engine 276 / Ladder 156 / Battalion 33,1635 E. 14th Street,Brooklyn,11229,40.6093650000000,-73.9591310000000,Battalion 33,Division 15
FDNY-E309L159,Engine 309 / Ladder 159,1851 E. 48 Street,Brooklyn,11234,40.6152560000000,-73.9281690000000,Battalion 33,Division 15
FDNY-E321,Engine 321,2165 Gerritsen Ave.,Brooklyn,11229,40.6022670000000,-73.9351880000000,Battalion 33,Division 15
FDNY-E214L111,Engine 214 / Ladder 111,495 Hancock Street,Brooklyn,11233,40.6844100000000,-73.9357710000000,Battalion 37,Division 15
FDNY-E222B37,Engine 222 / Battalion 37,32 Ralph Ave.,Brooklyn,11221,40.6895910000000,-73.9244330000000,Battalion 37,Division 15
FDNY-E277L112,Engine 277 / Ladder 112,582 Knickerbocker Ave.,Brooklyn,11221,40.6963970000000,-73.9146590000000,Battalion 37,Division 15
FDNY-S252,Squad 252,617 Central Ave.,Brooklyn,11207,40.6885970000000,-73.9081400000000,Battalion 37,Division 15
FDNY-E234L123B38,Engine 234 / Ladder 123 / Battalion 38,1352 Saint John's Place,Brooklyn,11213,40.6704430000000,-73.9334950000000,Battalion 38,Division 15
FDNY-E249L113,Engine 249 / Ladder 113,491 Rogers Ave.,Brooklyn,11225,40.6602570000000,-73.9532930000000,Battalion 38,Division 15
FDNY-E280L132,Engine 280 / Ladder 132 / Collapse 2,489 Saint John's Place,Brooklyn,11238,40.6734730000000,-73.9616410000000,Battalion 38,Division 15
FDNY-R2,Rescue 2,1815 Sterling Place,Brooklyn,11233,40.6710450000000,-73.9188680000000,Battalion 38,Division 15
FDNY-E225L107B39,Engine 225 / Ladder 107 / Battalion 39,799 Lincoln Ave.,Brooklyn,11208,40.6694460000000,-73.8653830000000,Battalion 39,Division 15
FDNY-E236,Engine 236,998 Liberty Ave.,Brooklyn,11208,40.6777480000000,-73.8727970000000,Battalion 39,Division 15
FDNY-E290L103,Engine 290 / Ladder 103,480 Sheffield Ave.,Brooklyn,11207,40.6651230000000,-73.8954470000000,Battalion 39,Division 15
FDNY-E248B41,Engine 248 / Battalion 41,2900 Snyder Ave.,Brooklyn,11226,40.6487460000000,-73.9499870000000,Battalion 41,Division 15
FDNY-E250,Engine 250 / HTMU 250,126 Foster Ave.,Brooklyn,11230,40.6277570000000,-73.9755800000000,Battalion 41,Division 15
FDNY-E255L157,Engine 255 / Ladder 157,1367 Rogers Ave.,Brooklyn,11210,40.6364440000000,-73.9506400000000,Battalion 41,Division 15
FDNY-E281L147,Engine 281 / Ladder 147,1210 Cortelyou Road,Brooklyn,11218,40.6400240000000,-73.9666690000000,Battalion 41,Division 15
FDNY-E227,Engine 227,423 Ralph Ave.,Brooklyn,11233,40.6747810000000,-73.9217280000000,Battalion 44,Division 15
FDNY-E231L120B44,Engine 231 / Ladder 120 / Battalion 44,107 Watkins Street,Brooklyn,11212,40.6705700000000,-73.9078910000000,Battalion 44,Division 15
FDNY-E233L176,Engine 233 / Ladder 176 / FC / MCP,25 Rockaway Ave.,Brooklyn,11233,40.6827120000000,-73.9113960000000,Battalion 44,Division 15
FDNY-E332L175,Engine 332 / Ladder 175,165 Bradford st.,Brooklyn,11207,40.6754710000000,-73.8926950000000,Battalion 44,Division 15
FDNY-E257L170B58,Engine 257 / Ladder 170 / Battalion 58,1361 Rockaway Parkway,Brooklyn,11236,40.6466110000000,-73.9035690000000,Battalion 58,Division 15
FDNY-E283D15,Engine 283 / Division 15,885 Howard Ave.,Brooklyn,11212,40.6609660000000,-73.9179520000000,Battalion 58,Division 15
FDNY-E310L174,Engine 310 / Ladder 174,5105 Snyder Ave.,Brooklyn,11203,40.6503550000000,-73.9288880000000,Battalion 58,Division 15
FDNY-E323,Engine 323,6405 Avenue N,Brooklyn,11234,40.6201330000000,-73.9158590000000,Battalion 58,Division 15